순번,세무내용,비고,세무일정(년월일)
1,2025.2기 부가가치세 확정신고 납부,2025.7~12월분,2026-01-26
2,2026.1기 부가가치세 예정신고 납부,2026.1~3월분,2026-04-27
3,2026.1기 부가가치세 확정신고 납부,2026.1~6월분,2026-07-27
4,2026.2기 부가가치세 예정신고 납부,2026.7~9월분,2026-10-26
5,2026.2기 부가가치세 확정신고 납부,2026.7~12월분,2027-01-25
6,소득세 중간예납분 분납,2025년 1월~6월분,2026-02-02
7,2025년 귀속 부가가치세 면세사업자 사업장 현황신고,2025년 귀속,2026-02-10
8,2025귀속 종합소득세 확정신고 납부,2025년 귀속분,2026-06-01
9,사업용계좌신고,2026년 복식부기의무자,2026-06-30
10,성실신고확인대상사업자 종합소득세 확정신고 납부,2025년 귀속분,2026-06-30
11,종합소득세 확정신고분 분납(5월 신고분),2025년 귀속분,2026-08-03
12,종합소득세 확정신고분 분납(성실신고확인서제출자),2025년 귀속분,2026-08-31
13,소득세 중간예납 납부추계액 신고 납부,2026년 1월~6월분,2026-11-30
14,취업 후 학자금 상환(ICL) 원천공제 신고 납부,2025.12월분,2026-01-12
15,간이지급명세서(거주자의 사업소득) 제출기한,2025년 12월 지급분,2026-02-02
16,간이지급명세서(거주자의 기타소득) 제출기한,2025년 12월 지급분,2026-02-02
17,용역제공자에 관한 과세자료 제출기한,2025년 12월 소득 발생분,2026-02-02
18,일용근로소득지급명세서 제출,2025.12월 지급분,2026-02-02
19,간이지급명세서(근로소득) 제출기한,2025년 7월~12월 지급분,2026-02-02
20,취업 후 학자금 상환(ICL) 원천공제 신고 납부,2026.1월분,2026-02-10
21,간이지급명세서(거주자의 사업소득) 제출기한,2026년 1월 지급분,2026-03-03
22,간이지급명세서(거주자의 기타소득) 제출기한,2026년 1월 지급분,2026-03-03
23,용역제공자에 관한 과세자료 제출기한,2026년 1월 소득 발생분,2026-03-03
24,일용근로소득지급명세서 제출,2026.1월 지급분,2026-03-03
25,취업 후 학자금 상환(ICL) 원천공제 신고 납부,2026.2월분,2026-03-10
26,2025년 귀속 하반기분 근로장려금 신청기한,2025년 귀속 하반기분 신청,2026-03-16
27,간이지급명세서(거주자의 사업소득) 제출기한,2026년 2월 지급분,2026-03-31
28,간이지급명세서(거주자의 기타소득) 제출기한,2026년 2월 지급분,2026-03-31
29,용역제공자에 관한 과세자료 제출기한,2026년 2월 소득 발생분,2026-03-31
30,일용근로소득지급명세서 제출,2026.2월 지급분,2026-03-31
31,취업 후 학자금 상환(ICL) 원천공제 신고 납부,2026.3월분,2026-04-10
32,간이지급명세서(거주자의 사업소득) 제출기한,2026년 3월 지급분,2026-04-30
33,간이지급명세서(거주자의 기타소득) 제출기한,2026년 3월 지급분,2026-04-30
34,용역제공자에 관한 과세자료 제출기한,2026년 3월 소득 발생분,2026-04-30
35,일용근로소득지급명세서 제출,2026.3월 지급분,2026-04-30
36,취업 후 학자금 상환(ICL) 원천공제 신고 납부,2026.4월분,2026-05-11
37,2025년 귀속 정기분 근로·자녀장려금 신청기한,2025년 귀속 정기 신청,2026-06-01
38,간이지급명세서(거주자의 사업소득) 제출기한,2026년 4월 지급분,2026-06-01
39,간이지급명세서(거주자의 기타소득) 제출기한,2026년 4월 지급분,2026-06-01
40,용역제공자에 관한 과세자료 제출기한,2026년 4월 소득 발생분,2026-06-01
41,일용근로소득지급명세서 제출,2026.4월 지급분,2026-06-01
42,취업 후 학자금 상환(ICL) 원천공제채무자 미리납부 기한(1년분 상환액 및 50% 1회차 분할상환액),2025년 귀속분,2026-06-01
43,취업 후 학자금 상환(ICL) 원천공제 신고 납부,2026.5월분,2026-06-10
44,간이지급명세서(거주자의 사업소득) 제출기한,2026년 5월 지급분,2026-06-30
45,간이지급명세서(거주자의 기타소득) 제출기한,2026년 5월 지급분,2026-06-30
46,용역제공자에 관한 과세자료 제출기한,2026년 5월 소득 발생분,2026-06-30
47,일용근로소득지급명세서 제출,2026.5월 지급분,2026-06-30
48,취업 후 학자금 상환(ICL) 납부통지서 의무상환액 납부기한,2024년 귀속,2026-06-30
49,취업 후 학자금 상환(ICL) 원천공제 신고 납부,2026.6월분,2026-07-10
50,간이지급명세서(거주자의 사업소득) 제출기한,2026년 6월 지급분,2026-07-31
51,간이지급명세서(거주자의 기타소득) 제출기한,2026년 6월 지급분,2026-07-31
52,용역제공자에 관한 과세자료 제출기한,2026년 6월 소득 발생분,2026-07-31
53,간이지급명세서(근로소득) 제출기한,2026년 1월~6월 지급분,2026-07-31
54,일용근로소득지급명세서 제출,2026.6월 지급분,2026-07-31
55,취업 후 학자금 상환(ICL) 원천공제 신고 납부,2026.7월분,2026-08-10
56,상환금명세서 신고 간소화 서비스 신청기한,2025년 귀속분,2026-08-10
57,간이지급명세서(거주자의 사업소득) 제출기한,2026년 7월 지급분,2026-08-31
58,간이지급명세서(거주자의 기타소득) 제출기한,2026년 7월 지급분,2026-08-31
59,용역제공자에 관한 과세자료 제출기한,2026년 7월 소득 발생분,2026-08-31
60,일용근로소득지급명세서 제출,2026.7월 지급분,2026-08-31
61,취업 후 학자금 상환(ICL) 원천공제 신고 납부,2026.8월분,2026-09-10
62,2026년 귀속 상반기분 근로·자녀장려금 신청기한,2026년 귀속 상반기분 신청,2026-09-15
63,간이지급명세서(거주자의 사업소득) 제출기한,2026년 8월 지급분,2026-09-30
64,간이지급명세서(거주자의 기타소득) 제출기한,2026년 8월 지급분,2026-09-30
65,용역제공자에 관한 과세자료 제출기한,2026년 8월 소득 발생분,2026-09-30
66,일용근로소득지급명세서 제출,2026.8월 지급분,2026-09-30
67,취업 후 학자금 상환(ICL) 원천공제 신고 납부,2026.9월분,2026-10-12
68,간이지급명세서(거주자의 사업소득) 제출기한,2026년 9월 지급분,2026-11-02
69,간이지급명세서(거주자의 기타소득) 제출기한,2026년 9월 지급분,2026-11-02
70,용역제공자에 관한 과세자료 제출기한,2026년 9월 소득 발생분,2026-11-02
71,일용근로소득지급명세서 제출,2026.9월 지급분,2026-11-02
72,취업 후 학자금 상환(ICL) 원천공제 신고 납부,2026.10월분,2026-11-10
73,2025년 귀속 정기분 근로·자녀장려금 기한 후 신청기한,2025년 귀속 기한 후 신청,2026-11-30
74,간이지급명세서(거주자의 사업소득) 제출기한,2026년 10월 지급분,2026-11-30
75,간이지급명세서(거주자의 기타소득) 제출기한,2026년 10월 지급분,2026-11-30
76,용역제공자에 관한 과세자료 제출기한,2026년 10월 소득 발생분,2026-11-30
77,일용근로소득지급명세서 제출,2026.10월 지급분,2026-11-30
78,취업 후 학자금 상환(ICL) 원천공제채무자 미리납부 기한(50% 2회차 분할상환액),2025년 귀속분,2026-11-30
79,취업 후 학자금 상환(ICL) 원천공제 신고 납부,2026.11월분,2026-12-10
80,간이지급명세서(거주자의 사업소득) 제출기한,2026년 11월 지급분,2026-12-31
81,간이지급명세서(거주자의 기타소득) 제출기한,2026년 11월 지급분,2026-12-31
82,용역제공자에 관한 과세자료 제출기한,2026년 11월 소득 발생분,2026-12-31
83,일용근로소득지급명세서 제출,2026.11월 지급분,2026-12-31
84,취업 후 학자금 상환(ICL) 원천공제 신고 납부,2026.12월분,2027-01-11
85,간이지급명세서(거주자의 사업소득) 제출기한,2026년 12월 지급분,2027-02-01
86,간이지급명세서(거주자의 기타소득) 제출기한,2026년 12월 지급분,2027-02-01
87,용역제공자에 관한 과세자료 제출기한,2026년 12월 소득 발생분,2027-02-01
88,간이지급명세서(근로소득) 제출기한,2026년 7월~12월 지급분,2027-02-01
89,일용근로소득지급명세서 제출,2026.12월 지급분,2027-02-01
90,간이지급명세서(거주자의 사업소득) 제출기한,2027년 1월 지급분,2027-03-02
91,간이지급명세서(거주자의 기타소득) 제출기한,2027년 1월 지급분,2027-03-02
92,용역제공자에 관한 과세자료 제출기한,2027년 1월 소득 발생분,2027-03-02
93,일용근로소득지급명세서 제출,2027.1월 지급분,2027-03-02
94,간이지급명세서(근로소득) 제출기한,2027년 1월 지급분,2027-03-02
95,종합부동산세 납부기한,2026년 귀속,2026-12-15
96,9월말 결산법인 법인세 신고 납부,2024.10~2025.9월분,2025-12-31
97,4월말 결산법인 법인세 중간예납,2025.5~10월분,2025-12-31
98,원천세 반기별 납부 신청기한,2026.상반기분,2025-12-31
99,원천세(반기납 포함) 신고 납부기한,2025.12월분(2025.7~12월분),2026-01-12
100,인지세 납부,2025.12월 작성분,2026-01-12
101,주세 신고 납부,2025.10~12월분,2026-01-26
102,"개별소비세(석유류, 담배 제외) 신고 납부","2025.10~12월분(""유흥장소""는 전월분)",2026-01-26
103,개별소비세 과세유흥장소 신고 납부,2025.12월분,2026-01-26
104,10월말 결산법인 법인세 신고 납부,2024.11~2025.10월분,2026-02-02
105,5월말 결산법인 법인세 중간예납,2025.6~11월분,2026-02-02
106,10월말 결산법인 교육세(금융ㆍ보험)정기신고,2024.11.1.-2025.10.31.,2026-02-02
107,8월말 결산법인 교육세(금융ㆍ보험)1차 중간예납,'25.9.- 11월분,2026-02-02
108,5월말 결산법인 교육세(금융ㆍ보험)2차 중간예납,'25.9.- 11월분,2026-02-02
109,2월말 결산법인 교육세(금융ㆍ보험)3차 중간예납,'25.9.- 11월분,2026-02-02
110,"개별소비세(석유류, 담배), 교통에너지환경세 신고 납부",2025.12월분,2026-02-02
111,원천세 신고 납부기한,2026.1월분,2026-02-10
112,인지세 납부,2026.1월 작성분,2026-02-10
113,개별소비세 과세유흥장소 신고 납부,2026.1월분,2026-02-25
114,11월말 결산법인 법인세 신고 납부,2024.12~2025.11월분,2026-03-03
115,6월말 결산법인 법인세 중간예납,2025.7~12월분,2026-03-03
116,가상자산 거래명세서(분기별) 제출,2025.10~12월분,2026-03-03
117,11월말 결산법인 교육세(금융ㆍ보험)정기신고,2024.12.1.-2025.11.30.,2026-03-03
118,9월말 결산법인 교육세(금융ㆍ보험)1차 중간예납,'25.10.-12월분,2026-03-03
119,6월말 결산법인 교육세(금융ㆍ보험)2차 중간예납,'25.10.-12월분,2026-03-03
120,3월말 결산법인 교육세(금융ㆍ보험)3차 중간예납,'25.10.-12월분,2026-03-03
121,지급명세서(원천징수영수증) 제출기한(근로·퇴직·연금계좌·사업·종교인소득 제외) ,2025.1~12월분,2026-03-03
122,"개별소비세(석유류, 담배), 교통에너지환경세 신고 납부",2026.1월분,2026-03-03
123,연말정산 환급신청(반기별 납부자 포함),2025.연말정산분,2026-03-10
124,근로·퇴직·연금계좌·사업·종교인소득 지급명세서(원천징수영수증) 제출기한,2025.1~12월분,2026-03-10
125,원천세 신고 납부기한(반기별 납부자 포함),"2026.2월분, 2025.연말정산분",2026-03-10
126,인지세 납부,2026.2월 작성분,2026-03-10
127,개별소비세 과세유흥장소 신고 납부,2026.2월분,2026-03-25
128,12월말 결산법인 법인세 신고 납부,2025.1~2025.12월분,2026-03-31
129,7월말 결산법인 법인세 중간예납,2025.8~2026.1월분,2026-03-31
130,12월말 결산법인 교육세(금융ㆍ보험)정기신고,2025.1.1.-2025.12.31,2026-03-31
131,10월말 결산법인 교육세(금융ㆍ보험)1차 중간예납,'25.11.-'26.1월분,2026-03-31
132,7월말 결산법인 교육세(금융ㆍ보험)2차 중간예납,'25.11.-'26.1월분,2026-03-31
133,4월말 결산법인 교육세(금융ㆍ보험)3차 중간예납,'25.11.-'26.1월분,2026-03-31
134,"개별소비세(석유류, 담배), 교통에너지환경세 신고 납부",2026.2월분,2026-03-31
135,원천세 신고 납부기한,2026.3월분,2026-04-10
136,인지세 납부,2026.3월 작성분,2026-04-10
137,주세 신고 납부,2026.1~3월,2026-04-27
138,"개별소비세(석유류, 담배 제외) 신고 납부","2026.1~3월분(""유흥장소""는 전월분)",2026-04-27
139,개별소비세 과세유흥장소 신고 납부,2026.3월분,2026-04-27
140,12월말 결산 성실신고확인대상 법인 법인세 신고 납부,2025.1~2025.12월분,2026-04-30
141,12월말 결산 연결납세방식 적용법인 법인세 신고 납부,2025.1~2025.12월분,2026-04-30
142,1월말 결산법인 법인세 신고 납부,2025.2~2026.1월분,2026-04-30
143,8월말 결산법인 법인세 중간예납,2025.9~2026.2월분,2026-04-30
144,12월말 결산연결법인 교육세(금융ㆍ보험)정기신고,2025.1.1.-2025.12.31,2026-04-30
145,1월말 결산법인 교육세(금융ㆍ보험)정기신고,2025.2.1.-2026.1.31,2026-04-30
146,11월말 결산법인 교육세(금융ㆍ보험)1차 중간예납,'25.12.-'26.2월분,2026-04-30
147,8월말 결산법인 교육세(금융ㆍ보험)2차 중간예납,'25.12.-'26.2월분,2026-04-30
148,5월말 결산법인 교육세(금융ㆍ보험)3차 중간예납,'25.12.-'26.2월분,2026-04-30
149,"개별소비세(석유류, 담배), 교통에너지환경세 신고 납부",2026.3월분,2026-04-30
150,원천세 신고 납부기한,2026.4월분,2026-05-11
151,인지세 납부,2026.4월 작성분,2026-05-11
152,개별소비세 과세유흥장소 신고 납부,2026.4월분,2026-05-26
153,2월말 결산법인 법인세 신고 납부,2025.3~2026.2월분,2026-06-01
154,9월말 결산법인 법인세 중간예납,2025.10~2026.3월분,2026-06-01
155,가상자산 거래명세서(분기별) 제출,2026.1~3월분,2026-06-01
156,2월말 결산법인 교육세(금융ㆍ보험)정기신고,2025.3.1.-2026.2.28.,2026-06-01
157,12월말 결산법인 교육세(금융ㆍ보험)1차 중간예납,'25.1.-'25.3월분,2026-06-01
158,9월말 결산법인 교육세(금융ㆍ보험)2차 중간예납,'25.1.-'25.3월분,2026-06-01
159,6월말 결산법인 교육세(금융ㆍ보험)3차 중간예납,'25.1.-'25.3월분,2026-06-01
160,"개별소비세(석유류, 담배), 교통에너지환경세 신고 납부",2026.4월분,2026-06-01
161,원천세 신고 납부기한,2026.5월분,2026-06-10
162,인지세 납부,2026.5월 작성분,2026-06-10
163,개별소비세 과세유흥장소 신고 납부,2026.5월분,2026-06-25
164,3월말 결산법인 법인세 신고 납부,2025.4~2026.3월분,2026-06-30
165,10월말 결산법인 법인세 중간예납,2025.11~2026.4월분,2026-06-30
166,3월말 결산법인 교육세(금융ㆍ보험)정기신고,2025.4.1.-2026.3.31.,2026-06-30
167,1월말 결산법인 교육세(금융ㆍ보험)1차 중간예납,'26.2.- '26.4월분,2026-06-30
168,10월말 결산법인 교육세(금융ㆍ보험)2차 중간예납,'26.2.- '26.4월분,2026-06-30
169,7월말 결산법인 교육세(금융ㆍ보험)3차 중간예납,'26.2.- '26.4월분,2026-06-30
170,원천세 반기별 납부 신청기한,2026.하반기분,2026-06-30
171,"개별소비세(석유류, 담배), 교통에너지환경세 신고 납부",2026.5월분,2026-06-30
172,원천세(반기납 포함) 신고 납부기한,2026.6월분(2026.1~6월분),2026-07-10
173,인지세 납부,2026.6월 작성분,2026-07-10
174,주세 신고 납부,2026.4~6월분,2026-07-27
175,"개별소비세(석유류, 담배 제외) 신고 납부","2026.4~6월분(""유흥장소""는 전월분)",2026-07-27
176,개별소비세 과세유흥장소 신고 납부,2026.6월분,2026-07-27
177,4월말 결산법인 법인세 신고 납부,2025.5~2026.4월분,2026-07-31
178,11월말 결산법인 법인세 중간예납,2025.12~2026.5월분,2026-07-31
179,4월말 결산법인 교육세(금융ㆍ보험)정기신고,2025.5.1.-2026.4.30,2026-07-31
180,2월말 결산법인 교육세(금융ㆍ보험)1차 중간예납,'26.3.- '26.5월분,2026-07-31
181,11월말 결산법인 교육세(금융ㆍ보험)2차 중간예납,'26.3.- '26.5월분,2026-07-31
182,8월말 결산법인 교육세(금융ㆍ보험)3차 중간예납,'26.3.- '26.5월분,2026-07-31
183,"개별소비세(석유류, 담배), 교통에너지환경세 신고 납부",2026.6월분,2026-07-31
184,원천세 신고 납부기한,2026.7월분,2026-08-10
185,인지세 납부,2026.7월 작성분,2026-08-10
186,개별소비세 과세유흥장소 신고 납부,2026.7월분,2026-08-25
187,5월말 결산법인 법인세 신고 납부,2025.6~2026.5월분,2026-08-31
188,12월말 결산법인 법인세 중간예납,2026.1~6월분,2026-08-31
189,가상자산 거래명세서(분기별) 제출,2026.4~6월분,2026-08-31
190,5월말 결산법인 교육세(금융ㆍ보험)정기신고,2025.6.1.-2026.5.31.,2026-08-31
191,3월말 결산법인 교육세(금융ㆍ보험)1차 중간예납,'26.4.- '26.6월분,2026-08-31
192,12월말 결산법인 교육세(금융ㆍ보험)2차 중간예납,'26.4.- '26.6월분,2026-08-31
193,9월말 결산법인 교육세(금융ㆍ보험)3차 중간예납,'26.4.- '26.6월분,2026-08-31
194,"개별소비세(석유류, 담배), 교통에너지환경세 신고 납부",2026.7월분,2026-08-31
195,원천세 신고 납부기한,2026.8월분,2026-09-10
196,인지세 납부,2026.8월 작성분,2026-09-10
197,개별소비세 과세유흥장소 신고 납부,2026.8월분,2026-09-28
198,6월말 결산법인 법인세 신고 납부,2025.7~2026.6월분,2026-09-30
199,1월말 결산법인 법인세 중간예납,2026.2~7월분,2026-09-30
200,6월말 결산법인 교육세(금융ㆍ보험)정기신고,2025.7.1.-2026.6.30.,2026-09-30
201,4월말 결산법인 교육세(금융ㆍ보험)1차 중간예납,'26.5.- '26.7월분,2026-09-30
202,1월말 결산법인 교육세(금융ㆍ보험)2차 중간예납,'26.5.- '26.7월분,2026-09-30
203,10월말 결산법인 교육세(금융ㆍ보험)3차 중간예납,'26.5.- '26.7월분,2026-09-30
204,"개별소비세(석유류, 담배), 교통에너지환경세 신고 납부",2026.8월분,2026-09-30
205,원천세 신고 납부기한,2026.9월분,2026-10-12
206,인지세 납부,2026.9월 작성분,2026-10-12
207,주세 신고 납부,2025.7~9월분,2026-10-26
208,"개별소비세(석유류, 담배 제외) 신고 납부","2026.7~9월분(""유흥장소""는 전월분)",2026-10-26
209,개별소비세 과세유흥장소 신고 납부,2026.9월분,2026-10-26
210,7월말 결산법인 법인세 신고 납부,2025.8~2026.7월분,2026-11-02
211,2월말 결산법인 법인세 중간예납,2026.3~8월분,2026-11-02
212,7월말 결산법인 교육세(금융ㆍ보험)정기신고,2025.8.1.-2026.7.31.,2026-11-02
213,5월말 결산법인 교육세(금융ㆍ보험)1차 중간예납,'26.6.- '26.8월분,2026-11-02
214,2월말 결산법인 교육세(금융ㆍ보험)2차 중간예납,'26.6.- '26.8월분,2026-11-02
215,11월말 결산법인 교육세(금융ㆍ보험)3차 중간예납,'26.6.- '26.8월분,2026-11-02
216,"개별소비세(석유류, 담배), 교통에너지환경세 신고 납부",2026.9월분,2026-11-02
217,원천세 신고 납부기한,2026.10월분,2026-11-10
218,인지세 납부,2026.10월 작성분,2026-11-10
219,개별소비세 과세유흥장소 신고 납부,2026.10월분,2026-11-25
220,8월말 결산법인 법인세 신고 납부,2025.9~2026.8월분,2026-11-30
221,3월말 결산법인 법인세 중간예납,2026.4~9월분,2026-11-30
222,가상자산 거래명세서(분기별) 제출,2026.7~9월분,2026-11-30
223,8월말 결산법인 교육세(금융ㆍ보험)정기신고,2025.9.1.-2026.8.31,2026-11-30
224,6월말 결산법인 교육세(금융ㆍ보험)1차 중간예납,'26.7.- '26.9월분,2026-11-30
225,3월말 결산법인 교육세(금융ㆍ보험)2차 중간예납,'26.7.- '26.9월분,2026-11-30
226,12월말 결산법인 교육세(금융ㆍ보험)3차 중간예납,'26.7.- '26.9월분,2026-11-30
227,"개별소비세(석유류, 담배), 교통에너지환경세 신고 납부",2026.10월분,2026-11-30
228,원천세 신고 납부기한,2026.11월분,2026-12-10
229,인지세 납부,2026.11월 작성분,2026-12-10
230,개별소비세 과세유흥장소 신고 납부,2026.11월분,2026-12-28
231,9월말 결산법인 법인세 신고 납부,2025.10~2026.9월분,2026-12-31
232,4월말 결산법인 법인세 중간예납,2026.5~10월분,2026-12-31
233,9월말 결산법인 교육세(금융ㆍ보험)정기신고,2025.10.1.-2026.9.30,2026-12-31
234,7월말 결산법인 교육세(금융ㆍ보험)1차 중간예납,'26.8.- '26.10월분,2026-12-31
235,4월말 결산법인 교육세(금융ㆍ보험)2차 중간예납,'26.8.- '26.10월분,2026-12-31
236,1월말 결산법인 교육세(금융ㆍ보험)3차 중간예납,'26.8.- '26.10월분,2026-12-31
237,"개별소비세(석유류, 담배), 교통에너지환경세 신고 납부",2026.11월분,2026-12-31
